cellID,avg_intensity_dapi,nuclear_area,nuclear_perimeter,major_axis,minor_axis,axes_ratio,circularity,eccentricity,solidity,x_pos,y_pos,angle,imageID,avg_intensity_core_dapi,avg_intensity_internal_ring_dapi,avg_intensity_external_ring_dapi,total_intensity_core_dapi,total_intensity_internal_ring_dapi,total_intensity_external_ring_dapi,total_intensity_dapi,avg_intensity_beta3,total_intensity_beta3,avg_intensity_rfp,total_intensity_rfp,avg_intensity_ngn,total_intensity_ngn,beta3_x_rfp,beta3_x_ngn,rfp_x_ngn,beta3_x_rfp_x_ngn,dna_peaks,dna_dots,dna_dots_size_median,spatial_entropy,beta3_group,rfp_group,ngn_group
1,2452,99,41,15.0,8.8,0.589,0.738,0.808,0.972,819,24,-0.5870657024953807,Snap-120,2918,1728,495,2806720,1148745,359891,4731640,678,1306949,687,1325267,227,437684,465786,153906,155949,105733422,8,7,1.6489280000000002,3.692,2,1,0
2,1961,97,39,12.9,9.8,0.758,0.806,0.652,0.951,962,24,-0.3683814224730066,Snap-120,2313,1396,457,2046954,842581,301681,3684293,577,1082955,551,1034564,204,382433,317927,117708,112404,64857108,9,9,1.2882250000000002,3.784,1,0,0
3,1545,19,20,8.8,3.0,0.344,0.579,0.939,0.969,1111,5,-1.5607455393033642,Snap-120,1949,1276,424,292224,285663,125463,577887,663,247794,450,168202,216,80529,298350,143208,97200,64443600,2,1,0.5668190000000001,3.771,1,0,0
4,1837,73,35,13.1,7.4,0.568,0.749,0.823,0.981,1619,14,1.3293454554495094,Snap-120,1907,1608,514,1202706,763531,270282,2586402,742,1043878,706,993507,242,340230,523852,179564,170852,126772184,6,6,1.7519860000000003,3.841,2,1,1
5,1536,27,33,16.5,2.2,0.135,0.305,0.991,0.936,1683,4,-1.5573256883792552,Snap-120,1836,1340,517,381799,425995,202325,807794,907,477069,519,272636,242,126888,470733,219494,125598,113917386,5,3,0.8244640000000001,3.885,2,1,1
6,1749,118,42,14.6,10.5,0.718,0.859,0.696,0.967,164,34,-1.4354902939036662,Snap-120,2117,1258,394,2403999,1013398,368144,4000299,816,1865208,4194,9590782,1862,4256510,3422304,1519392,7809228,6372330048,11,11,1.4943410000000001,3.735,2,3,2
7,1594,137,43,13.3,13.1,0.982,0.92,0.19,0.98,1478,52,0.504991653768809,Snap-120,1764,1347,434,2204460,1156919,426762,4234787,639,1696712,687,1824536,230,610223,438993,146970,158010,100968390,15,16,1.0821090000000002,3.873,1,1,0
8,1631,133,43,14.6,11.6,0.792,0.905,0.61,0.983,1540,83,-1.565223991423946,Snap-120,1887,1234,441,2218610,1055770,432989,4200783,748,1925669,774,1991988,246,632774,578952,184008,190404,142422192,11,10,1.4170475000000002,3.755,2,1,1
9,2055,105,40,15.3,8.7,0.573,0.823,0.82,0.977,849,83,-0.9833248947009754,Snap-120,2484,1573,471,2168315,1270938,440737,4167602,625,1265561,721,1460720,217,439424,450625,135625,156457,97785625,8,7,2.1642180000000004,3.71,1,1,0
10,1481,143,45,14.7,12.4,0.845,0.891,0.534,0.981,1881,104,0.9085676508267553,Snap-120,1611,1267,411,2107072,1140067,427010,4122370,655,1820896,680,1889820,229,635530,445400,149995,155720,101996600,16,12,1.5201055,3.889,1,1,0
11,1846,147,47,17.0,11.0,0.648,0.854,0.762,0.981,1753,107,1.051173860237853,Snap-120,2043,1508,471,2641204,1426495,507729,5267994,818,2331109,905,2580325,238,677191,740290,194684,215390,176189020,14,13,0.9275220000000001,3.8,2,1,1
12,1548,143,45,14.7,12.4,0.845,0.885,0.535,0.979,384,132,1.0594576332905499,Snap-120,1770,1194,421,2296851,1075061,437143,4293166,964,2672325,656,1818127,228,631358,632384,219792,149568,144183552,11,11,1.9065730000000003,3.791,2,1,0
13,2120,96,37,12.6,9.7,0.764,0.896,0.645,0.978,1271,137,-0.13660242535436293,Snap-120,2459,1700,496,2080262,1203075,415974,3931259,784,1452920,690,1278337,230,426391,540960,180320,158700,124420800,9,8,1.4685765000000002,3.801,2,1,0
14,1450,157,47,15.5,12.9,0.832,0.9,0.555,0.982,1094,145,-0.49351497915542525,Snap-120,1671,1141,407,2513965,1062171,432719,4411715,584,1775083,615,1868821,228,690974,359160,133152,140220,81888480,16,17,0.8244640000000001,3.798,1,0,0
15,1826,117,41,14.4,10.4,0.721,0.869,0.693,0.977,1696,137,1.132204687323912,Snap-120,2289,1254,459,2517241,1024458,440300,4149998,681,1546781,648,1472471,240,543346,441288,163440,155520,105909120,6,5,2.8856240000000004,3.68,2,1,1
16,1756,125,43,13.8,11.9,0.858,0.853,0.513,0.97,941,143,1.443979208644475,Snap-120,2099,1316,449,2543806,1123722,442243,4273437,637,1547779,597,1452410,209,507026,380289,133133,124773,79480401,13,17,0.8759930000000001,3.788,1,0,0
17,1819,115,42,15.6,9.4,0.607,0.832,0.795,0.979,1524,164,0.6662396507111964,Snap-120,2107,1412,448,2163679,1189866,436866,4060108,750,1672388,1209,2697581,243,542289,906750,182250,293787,220340250,12,10,0.48952550000000006,3.8,2,1,1
18,1837,116,41,14.6,10.1,0.694,0.867,0.72,0.978,450,182,0.6802833427782848,Snap-120,2211,1379,446,2378204,1129154,423956,4129711,704,1580431,645,1449309,224,501945,454080,157696,144480,101713920,6,6,2.6279790000000003,3.788,2,1,0
19,1940,111,40,14.5,9.7,0.672,0.862,0.741,0.979,801,178,-1.4267905631279434,Snap-120,2353,1411,438,2455819,1089995,396227,4164653,762,1634618,1681,3608142,550,1179755,1280922,419100,924550,704507100,8,10,1.2366960000000002,3.743,2,1,1
20,2731,71,32,10.7,8.5,0.795,0.896,0.606,0.98,1367,181,-0.16124488695821854,Snap-120,3635,1825,704,2275250,1134999,470813,3760776,1055,1452676,841,1157140,241,330701,887255,254255,202681,213828455,2,2,0.8502285,3.567,3,1,1
21,1625,134,43,14.0,12.2,0.869,0.906,0.495,0.979,1456,210,0.3657405907874867,Snap-120,1861,1318,439,2220919,1138303,438795,4237451,1009,2630299,867,2258123,237,617080,874803,239133,205479,207328311,10,9,1.6489280000000002,3.816,3,1,1
22,1968,110,44,17.0,8.4,0.493,0.73,0.87,0.958,1261,219,0.3019265367274534,Snap-120,2420,1478,477,2220832,1242417,385748,4201578,745,1589408,757,1615167,221,470069,563965,164645,167297,124636265,8,9,1.2882250000000002,3.722,2,1,0
23,1804,116,46,19.1,7.8,0.408,0.693,0.913,0.971,123,219,0.8641017487763566,Snap-120,2222,1340,412,2397491,1279045,451367,4056214,574,1288965,615,1382514,218,489428,353010,125132,134070,76956180,6,9,1.3397540000000001,3.711,1,0,0
24,1871,115,42,15.8,9.3,0.592,0.819,0.806,0.976,385,217,1.110230080052995,Snap-120,2201,1406,451,2288837,1172047,436029,4176443,687,1531804,761,1697784,233,518189,522807,160071,177313,121814031,11,12,1.3655185,3.829,2,1,1
25,2034,101,38,13.5,9.6,0.713,0.865,0.701,0.974,678,215,-1.4573657179694957,Snap-120,2461,1500,406,2253451,1106484,353899,3985705,606,1186425,593,1161674,213,415706,359358,129078,126309,76543254,11,9,1.8550440000000001,3.748,1,0,0
26,1813,118,41,14.4,10.4,0.724,0.879,0.69,0.98,1390,226,-0.5700827687163387,Snap-120,2127,1404,546,2375129,1154060,519671,4158819,1216,2788221,872,1999638,252,576762,1060352,306432,219744,267208704,5,5,1.700457,3.625,3,1,1
27,1920,112,43,16.8,8.6,0.508,0.763,0.861,0.97,836,227,1.2354881521280006,Snap-120,2246,1547,458,2131425,1324216,450069,4167395,1218,2643395,6064,13162823,3310,7185255,7385952,4031580,20071840,24447501120,10,10,1.3139895000000001,3.769,3,3,2
28,1793,121,41,13.3,11.6,0.871,0.905,0.492,0.978,1220,242,-1.2562686424825322,Snap-120,1936,1510,480,1964565,1212068,415835,4217846,640,1503599,894,2102564,222,521686,572160,142080,198468,127019520,12,13,1.185167,3.863,1,1,0
29,2238,95,38,13.7,8.9,0.646,0.833,0.763,0.969,1003,254,-1.1533628008256493,Snap-120,2889,1561,496,2261505,1152900,430875,4104493,747,1368916,1964,3600409,549,1006301,1467108,410103,1078236,805442292,7,9,1.2366960000000002,3.725,2,2,1
30,2198,89,37,13.7,8.3,0.608,0.829,0.794,0.975,1573,278,0.3909814937384872,Snap-120,2793,1512,530,2368404,1107645,458287,3816539,936,1624652,2971,5156326,292,505696,2780856,273312,867532,812009952,8,6,1.0563445,3.664,2,2,1
31,1694,124,42,15.2,10.4,0.681,0.87,0.732,0.98,1806,281,1.003726353892581,Snap-120,1899,1356,445,2264786,1148018,433353,4078572,809,1945833,1875,4514182,265,636436,1516875,214385,496875,401971875,15,11,1.0821090000000002,3.759,2,1,1
32,2093,106,44,18.4,7.4,0.404,0.674,0.915,0.97,265,289,0.7236408004088922,Snap-120,2606,1568,460,2412411,1441654,418313,4294289,671,1375560,985,2020610,227,465362,660935,152317,223595,150032245,7,6,2.0353955000000004,3.698,1,1,0
33,1798,120,41,13.0,11.8,0.909,0.91,0.417,0.979,361,294,0.929830412110952,Snap-120,2116,1383,483,2136344,1124193,442695,4202259,1072,2503985,1760,4112129,278,649263,1886720,298016,489280,524508160,11,12,0.9790510000000001,3.763,3,2,1
34,1910,109,39,13.4,10.3,0.772,0.893,0.636,0.979,424,298,-1.1645612477935032,Snap-120,2060,1668,473,2071926,1290562,431120,4025962,864,1819928,3068,6466173,2183,4599971,2650752,1886112,6697444,5786591616,10,9,1.700457,3.853,2,2,2
35,1779,126,49,20.2,8.1,0.401,0.671,0.916,0.96,107,300,1.23594209400924,Snap-120,2182,1275,437,2321069,1112342,385025,4357782,798,1953665,1230,3010697,296,723833,981540,236208,364080,290535840,11,10,1.185167,3.739,2,1,1
36,2455,166,48,15.7,13.5,0.854,0.904,0.52,0.985,848,311,1.520602780887719,Snap-120,2660,1952,520,3853045,1875451,565286,7921000,614,1978271,1056,3406063,223,718404,648384,136922,235488,144589632,10,13,0.8244640000000001,3.804,1,1,0
37,2370,83,35,11.2,9.6,0.857,0.858,0.515,0.968,1655,305,-0.9176530487336801,Snap-120,3097,1443,551,2480368,816433,330533,3829727,1097,1771809,4825,7795977,689,1113278,5293025,755833,3324425,3646894225,4,4,0.8502285,3.526,3,3,1
38,1574,145,45,14.5,12.7,0.877,0.909,0.481,0.982,1007,313,-1.2749893719386038,Snap-120,1753,1306,455,2366172,1171196,436782,4444706,698,1968898,925,2611223,233,656751,645650,162634,215525,150436450,17,18,1.0048155,3.86,2,1,1
39,2444,83,35,11.5,9.2,0.8,0.874,0.6,0.971,1349,307,-1.2794608462424069,Snap-120,3148,1603,550,2540384,1070600,448780,3957141,854,1381826,967,1564809,264,427258,825818,225456,255288,218015952,6,8,1.0048155,3.687,2,1,1
40,1956,116,43,16.0,9.3,0.584,0.804,0.812,0.977,1703,315,-1.3657186854425323,Snap-120,2042,1497,525,2209287,863450,292931,4411502,1069,2409011,9391,21175120,5848,13186634,10038979,6251512,54918568,58707949192,14,15,0.9275220000000001,3.829,3,4,3
41,2067,103,39,14.1,9.4,0.666,0.865,0.746,0.978,540,325,1.5036973903428579,Snap-120,2532,1509,439,2328874,1140449,389734,4130257,605,1207068,616,1229899,228,454887,372680,137940,140448,84971040,8,10,1.4685765000000002,3.793,1,0,0
42,2101,128,47,19.0,8.7,0.457,0.716,0.889,0.962,120,348,0.8296831875546661,Snap-120,2479,1635,474,2635003,1476183,463985,5210859,969,2401845,3223,7991876,1540,3818362,3123087,1492260,4963420,4809553980,6,9,1.391283,3.743,2,2,1
43,2116,99,38,13.8,9.2,0.663,0.863,0.749,0.976,277,341,1.175067291268345,Snap-120,2449,1692,468,2095990,1256844,380986,4062246,625,1198336,613,1176675,225,430455,383125,140625,137925,86203125,10,14,0.7214060000000001,3.812,1,0,0
44,2352,82,37,13.7,7.7,0.562,0.763,0.827,0.965,1735,341,-1.4950713022786934,Snap-120,2908,1608,534,2145398,887318,338188,3726109,821,1300049,1866,2954586,338,534741,1531986,277498,630708,517811268,7,7,0.6698770000000001,3.648,2,1,1
45,2537,109,44,17.0,8.6,0.504,0.709,0.864,0.974,17,370,0.34012115438692725,Snap-120,3026,1813,490,3140681,1183473,352377,5387874,653,1385860,663,1407949,233,494393,432939,152149,154479,100874787,9,8,0.9790510000000001,3.678,1,1,1
46,1523,152,46,15.6,12.4,0.798,0.9,0.603,0.982,958,364,-0.9245174641609674,Snap-120,1683,1310,453,2398711,1220671,481543,4503910,680,2010400,990,2926830,240,707378,673200,163200,237600,161568000,13,11,1.3397540000000001,3.771,2,1,1
47,1539,146,45,15.3,12.2,0.797,0.9,0.604,0.982,1360,365,-1.519202452638805,Snap-120,1701,1273,444,2300687,1141089,457225,4352795,760,2149803,1076,3041636,534,1508577,817760,405840,574584,436683840,12,13,1.4428120000000002,3.844,2,1,1
48,1659,130,43,15.7,10.5,0.67,0.867,0.743,0.981,1638,371,0.9668468354090407,Snap-120,1864,1348,436,2025799,1180122,442147,4186659,985,2484051,7729,19505625,6363,16057839,7613065,6267555,49179627,48441932595,15,18,1.2366960000000002,3.85,2,3,3
49,1557,138,44,13.4,13.2,0.984,0.909,0.177,0.982,1908,375,-1.4014726482863242,Snap-120,1748,1252,425,2072088,990026,359211,4173285,693,1856727,652,1747324,233,623390,451836,161469,151916,105277788,17,17,1.0821090000000002,3.836,2,1,1
50,1912,112,40,14.2,10.1,0.707,0.863,0.708,0.977,468,370,1.374437038808404,Snap-120,2287,1341,432,2380024,1065483,400669,4159940,602,1308509,669,1455551,239,518389,402738,143878,159891,96254382,9,11,1.4943410000000001,3.814,1,1,1
51,1308,188,53,18.8,12.7,0.673,0.84,0.74,0.981,1111,411,-0.3740079806986739,Snap-120,1541,989,401,2570175,1054254,478187,4758989,600,2180912,1596,5807800,220,799413,957600,132000,351120,210672000,19,16,0.772935,3.761,1,1,0
52,1801,118,41,14.1,10.7,0.755,0.903,0.656,0.983,341,399,1.1426380385640347,Snap-120,2094,1376,421,2344952,1122404,396613,4123447,618,1413734,644,1474513,219,499991,397992,135342,141036,87160248,9,9,2.2672760000000003,3.762,1,1,0
53,1772,121,41,14.0,11.0,0.785,0.904,0.62,0.98,1582,442,-0.8503473404052484,Snap-120,1905,1524,448,2222354,1250827,425795,4154703,735,1721176,768,1797931,263,615693,564480,193305,201984,148458240,13,9,1.7519860000000003,3.825,2,1,1
54,1665,135,43,13.5,12.8,0.952,0.912,0.306,0.982,945,446,1.1895994381182973,Snap-120,1910,1341,451,2333092,1152611,447676,4370973,713,1871475,971,2548512,237,621924,692323,168981,230127,164080551,11,11,2.3188050000000002,3.806,2,1,1
55,1480,151,47,15.8,12.2,0.775,0.877,0.632,0.98,1383,449,-1.211367845403922,Snap-120,1662,1181,402,2329957,1105364,430854,4351098,659,1936079,1054,3096203,240,703291,694586,158160,252960,166700640,14,12,1.9838665000000002,3.829,1,1,1
56,2075,96,37,13.9,8.8,0.633,0.855,0.774,0.979,1759,442,0.9351189013141985,Snap-120,2650,1438,455,2077290,1078485,403327,3849789,708,1313046,695,1289028,242,447897,492060,171336,168190,119078520,7,6,1.7519860000000003,3.681,2,1,1
57,1666,135,44,15.0,11.5,0.772,0.878,0.636,0.983,1216,459,-0.5300544454200289,Snap-120,1913,1260,440,2274206,1029272,354481,4369042,647,1696062,848,2222862,219,574037,548656,141693,185712,120155664,11,10,2.1899825,3.795,1,1,0
58,1785,117,42,16.3,9.1,0.56,0.818,0.828,0.98,1894,460,-1.485510531660226,Snap-120,1966,1502,475,2134035,1216254,388801,4056512,768,1745402,678,1540447,244,553262,520704,187392,165432,127051776,14,19,0.7214060000000001,3.887,2,1,1
59,1294,178,50,15.8,14.3,0.904,0.907,0.427,0.982,35,486,1.384358704533601,Snap-120,1462,1100,380,2348282,1057707,386394,4467346,686,2365357,716,2471475,221,760933,491176,151606,158236,108549896,19,20,1.1078735000000002,3.843,1,0,0
60,1851,120,41,13.5,11.3,0.838,0.911,0.545,0.979,746,481,-1.0806903801302141,Snap-120,2209,1389,466,2217153,1124733,379194,4306283,679,1578643,743,1727308,268,623275,504497,181972,199124,135205196,13,12,1.9065730000000003,3.783,1,1,1
61,1301,187,54,20.4,11.7,0.575,0.791,0.818,0.974,1168,501,-0.29880806409755256,Snap-120,1315,1234,451,2371484,1274130,470157,4716083,608,2203585,672,2433255,228,825829,408576,138624,153216,93155328,21,26,0.9532865000000001,3.926,1,1,0
62,1962,111,42,15.4,9.6,0.62,0.786,0.784,0.949,794,500,-0.20428827926691748,Snap-120,2311,1542,519,2240908,1281140,476663,4232009,1065,2296962,3517,7585774,3259,7028522,3745605,3470835,11461903,12206926695,10,11,1.3397540000000001,3.814,3,2,2
63,1846,7,10,3.5,2.5,0.705,0.938,0.71,0.93,1139,477,-0.549974944636184,Snap-120,2284,1846,608,93634,243656,174970,243656,826,108912,746,98400,244,32096,616196,201544,182024,150351824,1,1,0.6698770000000001,3.903,2,1,1
64,2008,107,40,14.0,10.1,0.721,0.819,0.693,0.965,1865,503,0.23792303098511045,Snap-120,2524,1328,489,2430538,866545,300982,4154868,772,1596764,713,1474986,251,518383,550436,193772,178963,138159436,5,8,1.8035150000000002,3.632,2,1,1
65,1789,122,42,14.3,10.9,0.762,0.89,0.648,0.978,1806,511,0.21631057723603053,Snap-120,1980,1443,441,2038505,1189811,423237,4247718,756,1793797,753,1786716,257,608939,569268,194292,193521,146301876,16,12,1.6231635000000002,3.848,2,1,1
66,1816,116,41,13.1,11.3,0.866,0.86,0.501,0.979,1910,517,-1.088041254573456,Snap-120,2106,1366,495,2132448,848080,287482,4086009,824,1853920,780,1754299,253,568299,642720,208472,197340,162608160,10,11,0.9790510000000001,3.774,2,1,1
67,1586,139,44,14.4,12.4,0.861,0.889,0.509,0.98,1567,522,1.5581235825710742,Snap-120,1832,1239,424,2324020,1088405,427938,4290543,821,2220481,665,1797081,237,640880,545965,194577,157605,129393705,10,11,1.3397540000000001,3.813,2,1,1
68,2198,95,37,12.0,10.2,0.857,0.891,0.516,0.976,1436,541,-0.5353621641271425,Snap-120,2870,1487,454,2318909,1079289,388165,4048986,800,1473368,999,1840035,244,448848,799200,195200,243756,195004800,7,7,1.4428120000000002,3.654,2,1,1
69,1557,139,45,15.6,11.4,0.73,0.881,0.684,0.982,1677,546,0.6066451735599312,Snap-120,1708,1301,411,2091718,1165070,420073,4199772,753,2030291,630,1698422,236,634186,474390,177708,148680,111956040,13,12,0.7986995000000001,3.811,2,0,1
70,1489,147,46,17.1,11.0,0.64,0.857,0.768,0.981,1761,552,0.709153955592802,Snap-120,1715,1158,401,2192339,1106110,435350,4248361,741,2111310,705,2009027,243,692678,522405,180063,171315,126944415,10,10,2.1642180000000004,3.799,2,1,1
71,1838,120,42,14.9,10.3,0.688,0.865,0.726,0.981,820,555,-1.03537145341915,Snap-120,2053,1485,472,2269710,1256004,460070,4264715,662,1535579,1016,2355689,235,543004,672592,155570,238760,158059120,15,13,1.0821090000000002,3.793,1,1,1
72,668,6,9,3.3,2.4,0.732,0.917,0.681,0.915,326,569,0.009243440576973723,Snap-120,708,669,356,24066,79516,96734,79516,608,72250,11493,1367643,239,28373,6987744,145312,2746827,1670070816,1,1,1.2366960000000002,3.924,1,4,1
73,1985,110,41,15.4,9.1,0.592,0.819,0.806,0.977,1337,603,-0.5202122514035437,Snap-120,2351,1543,507,2249231,1233655,389872,4227250,863,1837723,1394,2968275,253,536870,1203022,218339,352682,304364566,13,12,1.0821090000000002,3.811,2,1,1
74,1786,122,41,14.1,11.0,0.783,0.892,0.622,0.978,620,606,1.069644777222077,Snap-120,1992,1471,431,2352230,1223118,416927,4234628,583,1381682,649,1537781,224,529037,378367,130592,145376,84754208,12,12,2.06116,3.837,1,1,0
75,1626,140,45,14.7,12.1,0.825,0.886,0.566,0.978,950,619,0.8991157303861951,Snap-120,1893,1273,429,2388721,1132621,439502,4421976,716,1944132,823,2235051,227,616100,589268,162532,186821,133763836,10,9,1.3397540000000001,3.784,2,1,0
76,1944,108,38,12.8,10.8,0.84,0.926,0.543,0.986,1897,620,-0.6325403738665987,Snap-120,2316,1427,456,2325144,1083791,404078,4071868,790,1653417,1069,2238932,233,487213,844510,184070,249077,196770830,11,12,1.4685765000000002,3.792,2,1,1
77,1277,187,51,16.4,14.5,0.885,0.918,0.465,0.985,342,642,-1.2532780456017152,Snap-120,1406,1088,395,2437598,1104959,451474,4626151,661,2391291,1079,3905281,236,851624,713219,155996,254644,168319684,21,18,1.2624605000000002,3.838,1,1,1
78,2102,102,41,16.1,8.1,0.503,0.762,0.865,0.973,1350,645,-0.9596314255303846,Snap-120,2538,1572,618,2411089,1290591,447380,4144688,849,1672376,1725,3400922,272,535626,1464525,230928,469200,398350800,9,10,0.772935,3.664,2,2,1
79,2560,168,48,15.4,13.9,0.902,0.914,0.432,0.984,1262,658,-0.12280648384924059,Snap-120,2913,1897,544,4301708,1820351,591841,8339419,840,2735830,1714,5579462,306,993766,1439760,257040,524484,440566560,10,11,0.9275220000000001,3.577,2,1,1
80,1779,120,41,14.3,10.7,0.749,0.879,0.663,0.978,1592,652,1.341101330579652,Snap-120,1998,1468,472,2311583,1204994,449117,4142210,964,2244982,792,1842442,246,572879,763488,237144,194832,187818048,12,13,1.391283,3.83,3,1,1
81,1537,144,46,16.2,11.4,0.701,0.869,0.713,0.981,256,654,1.397830640429195,Snap-120,1678,1230,405,2172956,1126488,420852,4292316,888,2479151,1901,5307076,248,692069,1688088,220224,471448,418645824,16,13,0.8759930000000001,3.78,2,1,1
82,2149,99,39,15.3,8.3,0.543,0.806,0.84,0.973,1392,663,-1.0619930268697004,Snap-120,2677,1599,507,2157111,1251780,411003,4146061,899,1733417,2222,4286022,267,514355,1997578,240033,593274,533353326,10,10,1.0821090000000002,3.733,2,2,1
83,1747,124,42,15.5,10.2,0.662,0.869,0.749,0.979,1186,694,-0.07583535986716268,Snap-120,1936,1483,448,2049182,1223376,430029,4206493,697,1676370,844,2031541,237,569358,588268,165189,200028,139419516,14,16,0.9790510000000001,3.905,2,1,1
84,1682,130,43,14.6,11.4,0.776,0.9,0.631,0.982,463,691,0.8619427359592658,Snap-120,1989,1327,412,2247432,1132453,404471,4251285,617,1557557,1063,2685268,224,565767,655871,138208,238112,146915104,12,11,1.2366960000000002,3.732,1,1,0
85,1660,133,43,14.2,11.9,0.84,0.904,0.542,0.98,722,690,1.2155826498452862,Snap-120,1821,1409,421,2142856,1201202,413352,4270382,655,1684461,781,2007735,234,600143,511555,153270,182754,119703870,13,14,1.3397540000000001,3.842,1,1,1
86,1611,133,44,16.3,10.4,0.637,0.842,0.771,0.981,1512,698,0.9054870933675949,Snap-120,1761,1378,415,2218685,1263287,431982,4146868,861,2214227,4024,10356571,3676,9461789,3464664,3165036,14792224,12736104864,17,20,0.9275220000000001,3.887,2,3,2
87,2049,104,38,13.7,9.7,0.708,0.882,0.707,0.981,1344,707,-0.35571903739003,Snap-120,2522,1510,520,2335139,1150381,463540,4127931,784,1579114,1267,2551495,243,487900,993328,190512,307881,241378704,6,8,1.4685765000000002,3.728,2,1,1
88,1914,120,45,16.1,10.0,0.619,0.749,0.785,0.952,954,702,-1.5252211620418636,Snap-120,2227,1389,457,2411502,1018065,345192,4474931,737,1721058,888,2074692,226,526059,654456,166562,200688,147907056,9,8,1.9065730000000003,3.742,2,1,0
89,3144,125,43,15.2,10.5,0.694,0.856,0.72,0.976,1001,717,-0.6719491287926046,Snap-120,3582,2236,601,4290231,1582643,381542,7648716,741,1800502,835,2030390,222,538521,618735,164502,185370,137359170,10,10,0.5410545000000001,3.72,2,1,0
90,1550,144,45,15.7,11.7,0.744,0.886,0.668,0.983,627,724,1.0842711870796011,Snap-120,1841,1168,406,2383895,1062441,421209,4327774,828,2309079,1413,3944725,256,712382,1169964,211968,361728,299510784,9,10,1.8550440000000001,3.748,2,1,1
91,1760,119,45,18.5,8.2,0.446,0.743,0.895,0.976,1595,729,-0.834200380886798,Snap-120,1900,1551,447,1823801,1463295,482067,4072975,1082,2501633,1698,3928359,262,605760,1837236,283484,444876,481355832,11,8,0.7986995000000001,3.731,3,2,1
92,1799,120,41,14.7,10.4,0.708,0.882,0.706,0.979,1050,738,-1.1628216973090668,Snap-120,2078,1396,462,2399385,1148800,424886,4195207,768,1790534,737,1717785,225,522432,566016,172800,165825,127353600,13,12,1.4943410000000001,3.807,2,1,0
93,1739,123,42,13.4,11.7,0.877,0.89,0.481,0.978,1715,754,-1.5535153510352575,Snap-120,1937,1427,433,2004271,1175242,418667,4138083,760,1806670,676,1607975,223,530520,513760,169480,150748,114568480,11,10,1.0563445,3.831,2,1,0
94,2513,79,34,12.7,7.9,0.626,0.854,0.78,0.975,1642,753,-1.1932898701438044,Snap-120,3139,1813,517,2278608,1201520,413572,3846777,808,1236294,881,1347828,225,343930,711848,181800,198225,160165800,7,7,0.7214060000000001,3.712,2,1,0
95,1668,130,42,13.6,12.2,0.898,0.907,0.441,0.981,1516,776,1.4128504203166397,Snap-120,1802,1421,413,2061482,1199106,402847,4214180,881,2223250,3960,10002478,3611,9119310,3488760,3181291,14299560,12597912360,15,16,1.0048155,3.85,2,3,2
96,1667,129,43,14.4,11.4,0.788,0.877,0.615,0.977,1822,776,0.9956811958308907,Snap-120,1866,1435,439,2068603,1217962,435433,4156437,758,1888561,638,1591125,208,518551,483604,157664,132704,100589632,15,14,1.54587,3.839,2,0,0
97,1321,178,50,15.7,14.5,0.925,0.905,0.381,0.981,62,785,-1.2807719021149855,Snap-120,1546,1050,382,2488349,1045478,430313,4571955,560,1937948,708,2449893,231,798869,396480,129360,163548,91586880,13,11,2.009631,3.739,1,1,0
98,2233,196,53,17.8,14.0,0.786,0.869,0.618,0.975,823,796,-1.30135036771686,Snap-120,2710,1591,443,4925033,1695992,528789,8472851,708,2684365,697,2641735,224,847251,493476,158592,156128,110538624,13,16,1.185167,3.69,2,1,0
99,1636,142,49,19.1,9.5,0.499,0.749,0.867,0.976,1281,819,0.2081328542693736,Snap-120,1886,1283,429,2272188,1156429,341790,4513522,709,1954901,742,2046166,248,683733,526078,175832,184016,130467344,14,14,1.185167,3.823,2,1,1
100,1479,152,46,15.5,12.5,0.811,0.888,0.585,0.982,1058,810,-1.125248592995343,Snap-120,1611,1273,380,2295574,1181263,401852,4364851,664,1958822,685,2018672,224,660454,454840,148736,153440,101884160,13,15,1.3397540000000001,3.851,1,1,0
101,1763,156,47,17.2,11.6,0.674,0.871,0.739,0.983,262,815,1.1098130819391858,Snap-120,2024,1401,416,2938555,1337442,452587,5350944,565,1712647,619,1875706,204,617031,349735,115260,126276,71345940,12,13,0.9275220000000001,3.71,1,0,0
102,1782,121,44,16.9,9.3,0.546,0.791,0.837,0.975,559,816,1.4384345747618297,Snap-120,2083,1369,409,2344958,1172496,404751,4198295,654,1539609,590,1388197,222,522159,385860,145188,130980,85660920,11,10,1.2366960000000002,3.765,1,0,0
103,1898,113,43,17.6,8.2,0.464,0.753,0.886,0.977,1228,830,-0.6184132690225146,Snap-120,2168,1552,480,2349330,1399715,440921,4152281,703,1536505,726,1587388,233,508441,510378,163799,169158,118918074,6,5,3.1947980000000005,3.762,2,1,1
104,1714,127,41,13.1,12.4,0.945,0.93,0.326,0.986,1689,843,-0.5168920459168878,Snap-120,1955,1353,436,2145914,1124878,398472,4224044,830,2044396,1013,2495388,227,559301,840790,188410,229951,190859330,11,12,1.7262215,3.821,2,1,0
105,1650,131,43,13.8,12.2,0.882,0.903,0.471,0.979,670,858,-1.4266472875730627,Snap-120,1757,1460,416,2011612,1254056,415818,4206391,950,2421732,683,1740077,229,582908,648850,217550,156407,148586650,19,17,0.9790510000000001,3.921,2,1,0
106,1541,146,45,14.4,12.9,0.894,0.896,0.448,0.981,1746,872,0.3523986981885699,Snap-120,1693,1287,427,2279150,1159420,443836,4359815,743,2101065,694,1962550,224,633243,515642,166432,155456,115503808,17,17,1.3397540000000001,3.88,2,1,0
107,1579,142,45,15.0,12.0,0.8,0.886,0.599,0.978,1256,877,-1.2540156218937355,Snap-120,1711,1320,431,2201724,1107987,394508,4343488,615,1689423,659,1811186,231,635340,405285,142065,152229,93620835,18,20,0.9532865000000001,3.852,1,1,0
108,1248,9,16,7.1,1.8,0.256,0.494,0.967,0.944,1932,866,-0.0018799793596956126,Snap-120,1303,1242,450,84635,180062,100628,229552,651,119641,605,111206,228,41855,393855,148428,137940,89798940,2,2,0.5925835,3.969,1,0,0
109,1825,121,42,13.6,11.6,0.851,0.868,0.525,0.975,140,886,-1.2847936478114275,Snap-120,2163,1375,423,2448315,1162898,412231,4276125,577,1349701,677,1585263,214,500541,390629,123478,144878,83594606,16,15,1.2366960000000002,3.804,1,1,0
110,1881,173,50,17.8,12.4,0.698,0.874,0.716,0.981,339,885,1.279613743449829,Snap-120,2077,1494,440,3117137,1492343,495527,6319120,601,2018318,703,2358531,232,776371,422503,139432,163096,98020696,16,13,1.3397540000000001,3.801,1,1,0
111,2006,103,40,14.6,9.2,0.627,0.803,0.779,0.961,1866,910,1.3767763448602155,Snap-120,2357,1546,447,2064653,1226929,418175,4021351,696,1394177,675,1351836,213,426164,469800,148248,143775,100067400,13,11,1.1336380000000001,3.789,2,1,0
112,1769,124,43,15.4,10.4,0.674,0.845,0.739,0.98,712,918,1.347629745300029,Snap-120,2096,1319,417,2465855,1122328,413635,4239608,829,1986362,776,1858231,239,571437,643304,198131,185464,153749656,9,10,1.8808085,3.762,2,1,1
113,1844,114,42,15.6,9.3,0.598,0.829,0.801,0.974,590,942,0.6753812233123859,Snap-120,2105,1481,430,2107062,1255659,423039,4085569,1171,2594036,5043,11174707,3569,7906740,5905353,4179299,17998467,21076204857,7,8,2.1899825,3.758,3,3,2
114,2107,99,37,12.4,10.1,0.817,0.897,0.577,0.978,271,948,0.7270493224182755,Snap-120,2706,1416,430,2345313,1041823,371144,4032637,628,1200782,938,1794167,221,421676,589064,138788,207298,130183144,10,10,1.1336380000000001,3.715,1,1,0
115,1331,29,23,9.2,4.4,0.476,0.691,0.879,0.986,1928,957,-0.06508604098909505,Snap-120,1431,1227,424,328958,341015,145737,752242,794,448109,719,406176,233,131302,570886,185002,167527,133016438,7,4,0.7471705000000001,3.924,2,1,1
116,1362,170,49,16.5,13.1,0.796,0.896,0.606,0.984,926,969,1.4958390304325393,Snap-120,1460,1171,373,2170427,1144496,413770,4501327,795,2626601,666,2198396,226,743801,529470,179670,150516,119660220,20,14,1.7519860000000003,3.87,2,1,0
117,2054,157,48,17.7,11.3,0.639,0.844,0.769,0.98,1241,979,-0.48028418283806307,Snap-120,2445,1553,449,3488643,1529695,471622,6266389,797,2428915,718,2187621,226,688038,572246,180122,162268,129327596,16,12,1.0821090000000002,3.684,2,1,0
118,1710,122,42,14.5,10.7,0.742,0.889,0.671,0.979,1799,989,-0.5960239925428809,Snap-120,1926,1398,440,1962240,1148834,418486,4045323,840,1985768,788,1861977,228,538327,661920,191520,179664,150917760,11,12,1.391283,3.845,2,1,0
119,1623,136,44,14.6,11.9,0.814,0.89,0.581,0.979,1156,1011,-1.1336386894402541,Snap-120,1791,1339,413,2186330,1166140,416150,4293812,657,1737917,775,2049735,223,587977,509175,146511,172825,113546025,15,11,1.391283,3.85,1,1,0
120,1594,46,31,12.9,4.8,0.375,0.616,0.927,0.977,8,1025,0.017791960247819337,Snap-120,1957,1213,413,776853,431717,175797,1438174,741,667534,649,584878,227,204296,480909,168207,147323,109166343,4,5,1.03058,3.737,1,1,0
121,1669,130,45,16.4,10.2,0.624,0.803,0.781,0.968,263,1025,1.1605491701552615,Snap-120,1863,1321,417,2248267,1201739,433096,4202119,581,1462052,932,2344929,221,554961,541492,128401,205972,119669732,10,11,1.2882250000000002,3.816,1,1,0
122,1674,127,42,13.9,11.6,0.829,0.907,0.559,0.983,1283,1026,1.3859781720641822,Snap-120,1821,1487,442,1989679,1244198,424071,4110908,892,2188319,818,2007470,226,553380,729656,201592,184868,164902256,13,11,1.54587,3.861,2,1,0
123,2396,83,34,11.3,9.4,0.836,0.887,0.549,0.971,1393,1022,-1.5224441414923644,Snap-120,2986,1676,462,2399990,1122643,377436,3876545,970,1568220,16371,26488003,5478,8863403,15879870,5313660,89680338,86989927860,3,4,2.8598595,3.668,3,5,3
124,2122,98,38,14.1,9.0,0.635,0.835,0.772,0.979,113,1029,0.861708488643393,Snap-120,2627,1612,451,2088304,1250466,407639,4034651,645,1224811,683,1296833,223,423888,440535,143835,152309,98239305,10,11,1.3397540000000001,3.692,1,1,0
125,1586,141,45,15.4,11.7,0.757,0.881,0.653,0.979,633,1045,-1.0466573609526606,Snap-120,1797,1293,427,2257736,1170145,443955,4350467,830,2274872,1386,3799209,251,688187,1150380,208330,347886,288745380,12,12,2.2157470000000004,3.856,2,1,1
126,1501,149,46,15.9,11.9,0.75,0.87,0.662,0.978,504,1052,-0.6282984850873174,Snap-120,1751,1151,380,2373533,1070942,407455,4340371,646,1864904,804,2323033,228,657687,519384,147288,183312,118419552,15,13,1.54587,3.791,1,1,0
127,2271,90,35,11.5,9.9,0.864,0.915,0.504,0.98,1641,1056,0.24773489862881817,Snap-120,2801,1624,469,2156540,1112206,382233,3956651,745,1297332,683,1188453,216,375342,508835,160920,147528,109908360,6,6,1.1078735000000002,3.709,2,1,0
128,1687,130,43,14.0,11.9,0.852,0.903,0.523,0.979,1450,1068,0.6698156486190254,Snap-120,1913,1352,433,2201815,1137740,421964,4272685,815,2061274,4613,11678415,255,643280,3759595,207825,1176315,958696725,13,12,1.6746925000000001,3.823,2,1,1
129,4065,54,31,11.5,6.4,0.553,0.7,0.833,0.918,932,1065,1.4277534346242016,Snap-120,4666,3493,1029,2253661,1952330,523463,4293083,1510,1594109,3486,3680305,474,500098,5263860,715740,1652364,2495069640,3,2,0.7471705000000001,3.559,3,2,1
130,1584,139,44,14.8,12.0,0.813,0.894,0.583,0.98,691,1083,-0.27256588195146453,Snap-120,1730,1306,428,2170697,1151209,434453,4273545,872,2350701,1698,4579554,250,674320,1480656,218000,424500,370164000,11,11,2.2672760000000003,3.863,2,1,1
131,1608,135,43,13.5,12.8,0.946,0.915,0.325,0.979,1893,1079,1.5551411130825106,Snap-120,1715,1403,434,2096773,1202136,430292,4225412,997,2618774,759,1991968,222,580656,756723,221334,168498,167992506,15,14,1.54587,3.878,3,1,0
132,1059,5,7,2.5,2.4,0.977,1.075,0.215,0.969,1263,1066,-0.32588648947364207,Snap-120,1133,1060,378,27185,98517,90647,98517,848,78864,866,80513,230,21354,734368,195040,199180,168904640,1,1,0.8244640000000001,3.953,2,1,1
133,2320,161,47,15.5,13.3,0.858,0.915,0.514,0.986,1515,1105,-0.3371549302283858,Snap-120,2711,1675,492,4209468,1594041,531356,7255323,875,2734860,1994,6232699,228,712319,1744750,199500,454632,397803000,14,11,1.391283,3.659,2,1,0
134,4705,49,29,10.5,6.0,0.573,0.741,0.819,0.938,940,1089,-1.3141673793760562,Snap-120,5746,3790,1000,2453424,1902096,487985,4446275,1424,1345119,3512,3318559,464,438134,5001088,660736,1629568,2320504832,1,0,0.0,3.563,3,2,1
135,1520,146,45,15.2,12.3,0.81,0.911,0.587,0.986,567,1106,0.9953141000681488,Snap-120,1738,1199,406,2338090,1085867,419081,4314745,754,2139751,1226,3478598,404,1144528,924404,304616,495304,373459216,11,12,1.4943410000000001,3.844,2,1,1
136,1867,116,42,14.9,10.0,0.668,0.836,0.745,0.976,1283,1118,-1.3551667465581223,Snap-120,2284,1364,461,2434173,1130506,407249,4200616,872,1961768,1408,3166048,245,550219,1227776,213640,344960,300805120,7,5,3.7100880000000003,3.682,2,1,1
137,1317,171,48,15.9,13.7,0.862,0.921,0.506,0.986,336,1155,1.1511076754234921,Snap-120,1530,1059,378,2312019,1029852,417288,4364506,600,1988205,747,2473881,220,726933,448200,132000,164340,98604000,18,16,1.3655185,3.803,1,1,0
138,1755,127,45,17.0,9.5,0.56,0.793,0.828,0.975,1231,1156,1.5662004488546142,Snap-120,2032,1326,452,2464595,1151984,454744,4317021,1059,2603247,7132,17543589,1364,3355017,7552788,1444476,9728048,10302002832,11,11,1.391283,3.781,2,3,1
139,2241,91,37,13.2,8.8,0.663,0.837,0.748,0.968,1120,1163,0.2495659568563,Snap-120,2690,1655,488,2011467,1181463,417064,3937646,748,1312640,1460,2563605,233,408206,1092080,174284,340180,254454640,5,6,1.8550440000000001,3.713,2,1,1
140,1557,141,44,14.2,12.7,0.897,0.903,0.443,0.978,1578,1186,0.08065526317833989,Snap-120,1689,1314,422,2188508,1156763,428732,4270003,821,2251006,735,2014974,235,642542,603435,192935,172725,141807225,15,18,1.0563445,3.892,2,1,1
141,2249,144,47,17.6,10.5,0.593,0.821,0.805,0.979,1874,1190,0.5320358913659933,Snap-120,2734,1605,503,3364493,1511631,470736,6306673,803,2250015,718,2011677,223,622563,576554,179069,160114,128571542,7,6,1.7777505000000002,3.648,2,1,0
142,1702,128,44,16.3,10.0,0.614,0.823,0.789,0.976,843,1181,1.5670544371523132,Snap-120,1963,1287,399,2138702,1099615,331586,4229421,707,1755949,755,1875680,220,544431,533785,155540,166100,117432700,16,15,1.1336380000000001,3.853,1,1,0
143,2245,92,38,14.4,8.2,0.566,0.815,0.825,0.973,1036,1187,-0.6096610097726657,Snap-120,2884,1511,491,2514824,1126512,358381,4025977,956,1713945,1099,1969004,238,426085,1050644,227528,261562,250053272,9,6,2.2415115,3.708,2,1,1
144,2053,100,38,13.8,9.2,0.668,0.855,0.744,0.975,1384,1192,0.5028932057524985,Snap-120,2367,1600,505,1988110,1228763,455813,3965172,1244,2401309,8605,16615563,1482,2861236,10704620,1843608,12752610,15864246840,8,7,1.0821090000000002,3.684,3,4,1
145,1989,78,35,12.5,8.1,0.646,0.8,0.763,0.978,1920,1192,-0.1628064548863792,Snap-120,2183,1640,588,1538586,724823,237965,2992728,888,1335518,845,1271044,240,360430,750360,213120,202800,180086400,10,4,1.8808085,3.832,2,1,1
146,1858,115,39,12.6,11.6,0.918,0.935,0.397,0.985,1695,1194,0.3009043144390073,Snap-120,2238,1346,475,2459445,1055230,390518,4129375,1127,2503621,841,1868501,243,538464,947807,273861,204363,230317101,9,5,2.4733920000000005,3.731,3,1,1
147,1529,138,44,15.4,11.5,0.745,0.893,0.667,0.982,37,1216,0.21473240748534952,Snap-120,1721,1260,389,2108913,1114237,394852,4095079,695,1859682,617,1651621,221,590145,428815,153595,136357,94768115,13,10,1.4685765000000002,3.87,2,0,0
148,1850,115,42,15.3,9.7,0.63,0.823,0.777,0.975,1775,1208,-1.4134943631820438,Snap-120,2115,1497,474,2241130,1218155,452698,4111917,885,1967259,902,2005135,252,559964,798270,223020,227304,201164040,11,12,1.0563445,3.832,2,1,1
149,1505,143,45,15.5,11.8,0.765,0.876,0.644,0.979,504,1219,0.46673957320527076,Snap-120,1657,1276,396,2133967,1153925,411702,4176757,653,1810647,685,1899913,222,613502,447305,144966,152070,99301710,13,14,1.3655185,3.832,1,1,0
150,1694,124,44,16.6,9.5,0.573,0.817,0.819,0.98,1449,1221,-0.34462226473981633,Snap-120,1912,1359,419,2237882,1173962,415705,4083607,725,1746632,901,2170159,221,531780,653225,160225,199121,144362725,14,15,0.9790510000000001,3.853,2,1,0
151,2086,101,38,13.2,9.8,0.742,0.89,0.671,0.977,1320,1217,-0.012130457885488678,Snap-120,2391,1639,514,2194358,1209492,421610,4102674,960,1886459,867,1704294,236,463768,832320,226560,204612,196427520,5,5,3.09174,3.739,2,1,1
152,1876,117,42,14.5,10.4,0.716,0.828,0.698,0.975,1096,1222,0.5109274828603695,Snap-120,2105,1375,495,2327903,927484,307312,4259765,962,2184311,2121,4816692,312,706306,2040402,300144,661752,636605424,12,13,0.9790510000000001,3.779,2,1,1
153,1789,121,41,12.6,12.2,0.968,0.903,0.251,0.976,1644,1221,-0.30048276021937115,Snap-120,1990,1486,480,2032882,1204894,455562,4189693,1117,2614223,862,2016594,246,574655,962854,274782,212052,236862084,14,14,1.185167,3.887,3,1,1
154,1612,138,45,13.8,13.0,0.938,0.865,0.346,0.965,925,1221,-1.0233883298697255,Snap-120,1832,1264,415,2228456,1132124,416790,4324029,729,1954646,932,2498848,244,654017,679428,177876,227408,165780432,17,23,0.7214060000000001,3.847,2,1,1
155,1572,140,45,14.6,12.3,0.841,0.88,0.541,0.979,821,1229,0.5907194809606239,Snap-120,1823,1221,425,2293258,1082881,388353,4262861,723,1958135,758,2053507,227,614257,548034,164121,172066,124403718,13,16,0.6183480000000001,3.789,2,1,0
156,1373,164,48,15.7,13.4,0.855,0.902,0.519,0.981,619,1235,0.7754805856417472,Snap-120,1437,1207,378,2286952,1167915,417155,4381610,617,1966919,1196,3816978,233,741107,737932,143761,278668,171938156,15,15,1.4943410000000001,3.878,1,1,1
157,1853,117,41,12.9,11.6,0.903,0.893,0.431,0.978,1052,1234,0.8212305547947035,Snap-120,1951,1557,524,2201856,1005469,344683,4201532,1106,2506170,1876,4251818,322,727871,2074856,356132,604072,668103632,18,15,0.772935,3.866,2,1,1
158,1550,146,47,18.4,10.1,0.546,0.813,0.838,0.984,1278,1252,0.26010964925261504,Snap-120,1650,1333,475,2069991,1267627,512817,4378903,811,2289071,1193,3369194,234,659699,967523,189774,279162,226400382,18,19,0.772935,3.907,2,1,1
159,1496,9,17,8.6,1.4,0.165,0.385,0.986,0.952,1933,1229,0.04251185361179552,Snap-120,1723,1421,600,92997,200331,100656,267721,916,163851,992,177437,259,46335,908672,237244,256928,235346048,3,1,0.41223200000000004,3.931,2,1,1
160,2409,109,40,14.2,9.7,0.683,0.874,0.731,0.979,1143,1260,-1.3748626880418917,Snap-120,2907,1747,663,2883115,1362073,599200,5073202,1322,2783391,3341,7034996,286,600712,4416802,378092,955526,1263205372,7,6,0.7214060000000001,3.612,3,3,1
161,1647,129,43,14.5,11.4,0.783,0.89,0.622,0.977,893,1275,1.5414834257689896,Snap-120,1972,1225,434,2221388,1037518,423020,4133809,762,1910484,814,2042583,252,630066,620268,192024,205128,156307536,8,10,0.7986995000000001,3.627,2,1,1
162,1911,109,41,15.7,8.9,0.562,0.827,0.827,0.979,112,1278,-0.9278860573614883,Snap-120,2336,1430,424,2139017,1200414,413099,4048363,675,1429087,637,1348868,222,470131,429975,149850,141414,95454450,10,12,1.3397540000000001,3.743,2,1,0
163,1885,153,46,16.0,12.2,0.757,0.897,0.653,0.984,823,1298,0.8093806077741993,Snap-120,2171,1453,441,3083755,1358138,468442,5590505,731,2166355,748,2218011,240,709225,546788,175440,179520,131229120,16,13,1.8550440000000001,3.789,2,1,1
164,1528,144,45,15.6,11.8,0.752,0.888,0.659,0.98,1895,1317,-0.9462977711135173,Snap-120,1696,1224,428,2201227,1115057,444920,4272473,819,2290290,863,2413197,227,632368,706797,185913,195901,160442919,14,15,0.9790510000000001,3.819,2,1,0
165,1761,121,43,16.3,9.5,0.581,0.814,0.814,0.976,1045,1319,0.9777126543889707,Snap-120,1976,1416,456,2174990,1225761,452534,4125979,1469,3439587,9180,21508526,2026,4746056,13485420,2976194,18598680,27321460920,12,12,1.1078735000000002,3.802,3,4,2
166,1742,120,44,17.6,8.8,0.498,0.778,0.867,0.973,1765,1312,-1.5342331567258836,Snap-120,1995,1359,444,2273505,1132635,433003,4064053,1000,2332575,10121,23612097,1570,3661349,10121000,1570000,15889970,15889970000,11,9,2.112689,3.82,3,4,1
167,1316,173,49,16.8,13.1,0.779,0.895,0.627,0.983,1624,1326,1.2287381915694782,Snap-120,1458,1065,379,2190418,1064830,426694,4407624,716,2397511,667,2233185,226,756220,477572,161816,150742,107931272,15,19,1.185167,3.882,2,1,0
168,2273,91,36,12.4,9.5,0.763,0.869,0.647,0.969,1172,1325,-1.5637417014725707,Snap-120,2963,1555,454,2212793,1125406,387997,4025039,745,1318197,788,1394397,219,387514,587060,163155,172572,128566140,9,7,1.4428120000000002,3.687,2,1,0
169,1503,140,45,15.8,11.3,0.719,0.877,0.695,0.98,314,1337,1.2966601633070192,Snap-120,1598,1295,385,2011551,1157275,396965,4094366,652,1774404,632,1721109,218,593619,412064,142136,137776,89829952,12,14,1.3655185,3.822,1,1,0
170,2425,169,48,15.4,14.0,0.914,0.907,0.406,0.984,134,1350,1.065014517328827,Snap-120,2674,1841,480,4002739,1781908,526541,7959307,694,2276676,742,2432717,236,772365,514948,163784,175112,121527728,13,12,2.112689,3.806,2,1,1
171,1961,105,40,15.1,8.9,0.592,0.841,0.806,0.981,1004,1350,0.6984391207480747,Snap-120,2182,1665,451,1876009,1372885,436541,3996018,760,1546977,746,1519329,229,465902,566960,174040,170834,129833840,8,9,1.391283,3.789,2,1,0
172,5345,33,21,7.1,5.9,0.826,0.947,0.564,0.975,590,1337,0.7312205838678938,Snap-120,6898,4424,1306,1620890,1751552,689546,3372442,796,502071,794,500998,241,151467,632024,191836,191354,152317784,1,0,0.0,3.689,2,1,1
173,2070,200,53,18.5,13.8,0.745,0.891,0.667,0.988,1290,1371,-0.39304965350000465,Snap-120,2469,1472,462,4672758,1565268,546920,8039645,756,2934713,1302,5056334,225,870075,984312,170100,292950,221470200,12,11,1.7519860000000003,3.696,2,1,0
174,2178,198,52,17.2,14.6,0.85,0.908,0.526,0.984,1503,1413,-1.3299352201019101,Snap-120,2467,1671,487,4613161,1767650,579531,8367475,699,2682509,756,2903089,216,826795,528444,150984,163296,114143904,10,11,0.9790510000000001,3.721,2,1,0
175,1742,121,41,13.4,11.5,0.858,0.894,0.514,0.978,1155,1422,0.08524573148694092,Snap-120,1874,1479,440,1926045,1200332,407751,4087608,1023,2399858,1675,3930728,226,529884,1713525,231198,378550,387256650,14,14,0.9532865000000001,3.886,2,1,0
176,1359,157,48,15.4,13.2,0.855,0.875,0.519,0.979,1413,1429,0.17257052322305616,Snap-120,1559,1108,388,2133652,1013047,382339,4148942,610,1862861,662,2021104,221,674902,403820,134810,146302,89244220,16,15,0.8759930000000001,3.8,1,1,0
177,1686,125,42,15.0,10.6,0.706,0.88,0.708,0.981,858,1418,1.553877048386662,Snap-120,1811,1452,425,1924515,1218182,410811,4094870,791,1920662,750,1820816,231,558716,593250,182721,173250,137040750,14,11,1.4428120000000002,3.845,2,1,0
178,1335,115,45,18.0,8.4,0.465,0.724,0.885,0.975,680,1443,1.524441998678417,Snap-120,1427,1233,354,1466151,1036665,298042,2976060,681,1517738,734,1635033,236,524616,499854,160716,173224,117965544,13,14,1.4685765000000002,3.921,2,1,1
179,1546,51,31,12.7,5.5,0.437,0.652,0.899,0.979,1106,1450,1.4613142875695575,Snap-120,1748,1392,343,755002,786139,200910,1541141,728,725335,905,902037,234,232812,658840,170352,211770,154168560,6,4,1.4685765000000002,3.871,2,1,1
180,1425,46,31,12.6,5.0,0.397,0.62,0.918,0.967,549,1450,-1.517459675179769,Snap-120,1524,1359,368,545571,732501,212868,1278072,733,656938,595,533272,228,204433,436135,167124,135660,99438780,5,4,1.5716345000000003,3.886,2,0,0
